sr,name_address,type,capacity_MTA,registration,issue_date,validity,status,district,email,phone
1,"Arihant E Recycling Pvt Ltd, Gut No.307/1, Shahada Road, Dondaicha, Tal-Sindkheda, Dist-Dhule.",Recycler,2000,MPCB/RO(HQ)/HSMD/Autho,2018-11-01,2023-09-30,LAPSED_IN_LIST,Dhule,info@arihantinfo.com,9820350406
2,"WE-The Recycling Company, H. No. 2212, Sr. No. 9-1 N, Behind Essar Petrol Pump, Village Borpada, Tal. Bhiwandi, Dist. Thane",Recycler,800,MPCB/RO(HQ)/HSMD/Autho,2022-09-07,2027-08-31,VALID,Thane,payalc25@gmail.com,7718824575
3,"Techeco E-Waste Namo LLP, Gat No. 155 B/2, Village Dhakambe, Tal. Dindori, Dist. Nashik",Recycler,9360,MPCB/RO(HQ)/HSMD/Autho,2019-11-11,2024-10-31,LAPSED_IN_LIST,Nashik,techeco123@gmail.com,9769117070
4,"Threco Recycling LLP, Survey No. 153-3 & 149-1, Hedavli, Dist- Raigad.",Recycler,3000,MPCB/RO(HQ)/HSMD/autho/,2021-02-23,2026-01-31,LAPSED_IN_LIST,Raigad,karan@threco.com,9820622802
5,"Hi-Tech Recycling (I) Pvt. Ltd,Property No.193, Gat No. 89, Pune-Satara Road, Shindewadi, Tal: Bhor, Dist. Pune",Recycler,1410,MPCB/RO(HQ)/HSMD/Autho,2020-12-28,2025-11-30,LAPSED_IN_LIST,Pune,manish@hitechrecycling.in,9860602601
6,"Justdispose Recycling Pvt Ltd. (Unit-II), S.No. 42/5,Kaddu Industrial Estate, Sativali Phata,Vasai (E), Tal- Vasai,Dist-Palghar.",Recycler,1200,MPCB/RO(HQ)/HSMD/Autho,2021-05-12,2026-04-30,LAPSED_IN_LIST,Palghar,hemant@justdispose.com,9833030124
7,"E-Incarnation Recycling Pvt. Ltd. Plot No. J-56, MIDC Area, Tarapur, Boiser, Dist: Palghar, Maharashtra",Recycler,950,MPCB/RO(HQ)/HSMD/autho/,2021-11-01,2026-09-30,VALID,Palghar,info@e-incarnation.com,
8,"Eco-Recycling Ltd., Eco-House, Near Top Glass Enclave, Bhoipada, Near Range Office, Sativali Road, Vasai (E), Dist. Palghar",Recycler,7200,MPCB/RO(HQ)/HSMD/Autho,2019-04-15,2023-12-31,LAPSED_IN_LIST,Palghar,inspection@ecoreco.com,9867729662
9,"Evergreen Recyclekaro India Pvt. Ltd.,Gut. No. 113/A, Village Pali, Tal. Wada, Dist. Palghar",Recycler,7500,MPCB/RO(HQ)/HSMD/autho/,2022-06-10,2027-05-31,VALID,Palghar,rajesh@recyclekaro.com,9967310007
10,"Eco Reset Private Limited, Plot No. 19/1, Mouza Bhowari, Kamptee, Nagpur",Recycler,10200,MPCB/RO(HQ)/HSMD/autho/,2022-11-17,2027-02-28,VALID,,ecoreset41@gmail.com,7021819071
11,"S V Greentech Private Limited, Gut No. 517/1, & 529, Village: Kelthan Tal. Wada, Dist. Palghar",Recycler,8500,MPCB/RO(HQ)/HSMD/Autho,2023-03-29,2028-02-29,VALID,Palghar,rihanmalik986@gmail.com,9371106436
12,"Global E-Recycling Pvt Ltd Plot No 2,3,4 Sr No 11 H No 1/1, Wakanpada Dhaniv, Palghar",Recycler,400,MPCB/RO(HQ)/HSMD/Autho,2023-03-24,2028-02-29,VALID,,,9833542199
13,"Green Enviro Management Solutions LLP, Plot No. 51, Gat No. 376, Kanhe Phata, Tal. Mawal, Dist. Pune",Recycler,594,MPCB/RO(HQ)/HSMD/Autho,2019-02-25,2024-01-31,LAPSED_IN_LIST,Pune,mail.gps@gmail.com,9766110860
14,"ECO Friend Industries, Plot No. A-205, TTC Industrial Area, MIDC Pawane, Navi Mumbai, Tal. & Dist. Thane Dismantler",Recycler,1000,MPCB/RO(HQ)/HSMD/Autho,2022-06-20,2027-05-31,VALID,Thane,ingle.mamata@raoagroup.co,9821151069
15,"Lilashana Sales, Ramdas Company, Nandra Road, Khamgaon, Dist. Buldhana",Dismantler,360,MPCB/RO(HQ)/HSMD/Autho,2023-03-29,2028-02-29,VALID,Buldhana,inglesales007@gmail.com,9850349580
16,"Ambar Enterprises Awutade, Handewadi, Tal. Haveli, Dist. Pune 411028",Dismantler,250,MPCB/RO(HQ)/HSMD/Autho,2018-12-04,2023-10-31,LAPSED_IN_LIST,Pune,ambarent028@gmail.com,9890812746
17,"National Traders S. No. 103/1/2, Undri-Saswad Road, Autade, Handewadi, Tal. Haveli, Dist. Pune",Dismantler,250,MPCB/RO(HQ)/HSMD/Autho,2019-05-24,2024-04-30,LAPSED_IN_LIST,Pune,national.autade@gmail.com,9850757587
18,"Kohinoor E-Waste Recycling Pvt. Ltd. Gut No. 205/1 and 205/2, Opp. GurudattaWashing Centre, Dhekhu, Khalapur, Dist. Raigad",Dismantler,240,MPCB/RO(HQ)/HSMD/Autho,2018-06-30,2023-05-31,LAPSED_IN_LIST,Raigad,,9821227048
19,"S. S. E-Waste Recyclers, Gut No. 442, Village Usar, Kondla Road, Tal. Wada, Dist. Palghar 421312",Recycler,1500,MPCB/RO(HQ)/HSMD/Autho,2018-06-30,2023-05-31,LAPSED_IN_LIST,Palghar,ssewasterecyclers@gmail.co,9022181911
20,"AG Enterprises, Gat No. 815 (1), Kudalwadi, Chikhali, Pune 411062",Dismantler,365,MPCB/RO(HQ)/HSMD/Autho,2018-06-30,2023-05-31,LAPSED_IN_LIST,,agpune57@gmail.com,9822783051
21,Pune Greens Electronic Waste,Recycler,500,MPCB/RO(HQ)/HSMD/Autho,2018-06-30,2023-05-31,LAPSED_IN_LIST,,punegreensewaste@gmail.co,9922071877
22,"Aman Trading Co. F/1, Annasagr Market, Behind Farooqi Hotel, Kurla Andheri Road, Jarimari, Kurla (W), Mumbai 400072",Dismantler,100,MPCB/RO(HQ)/HSMD/Autho,2018-06-30,2023-05-31,LAPSED_IN_LIST,,aqtanveer11@gmail.com,9833721472
23,"Poona E-Waste Solutions, 1/1009, Gat No. 2334/4, Wagholi, Pune 412207",Dismantler,250,MPCB/RO(HQ)/HSMD/Autho,2018-06-30,2023-05-31,LAPSED_IN_LIST,,,8888999362
24,"Eco Tantra LLP M-365, Raviwar Peth, Bohari Lane, Tal. & Dist. Pune",Dismantler,160,MPCB/RO(HQ)/HSMD/Autho,2018-10-29,2023-09-30,LAPSED_IN_LIST,Pune,richa@ecotantra.in,8981473653
25,"Amiable Electroning Pvt. Ltd. Plot No. D-141, Shirawane, TTC Industrial Area, MIDC Shiewane, Nerul, Navi Mumbai",Dismantler,750,MPCB/RO(HQ)/HSMD/Autho,2018-10-29,2023-07-31,LAPSED_IN_LIST,,vipul.g@electronicsbazaar.c,7667568801
26,"E-Recon Recycling Pvt. Ltd. Gut No. 94, Chitegaon, Tal. Paithan, Dist. Aurangabad",Dismantler,500,MPCB/RO(HQ)/HSMD/Autho,2018-10-29,2023-09-30,LAPSED_IN_LIST,Aurangabad,e.recon21@gmail.com,9860579870
27,"Eco Layer E-Waste Recycling S. No. 11, H. No. 1/1, PT-8, S. K. Indl. Estate, Choudhary Compound, Vasai E, Palghar",Dismantler,110,MPCB/RO(HQ)/HSMD/Autho,2018-11-14,2023-10-31,LAPSED_IN_LIST,,nafeeshkhan35@gmail.com,9820750836
28,"Prabhunath Traders, Sr. No. 314, H. No. 2, Uruli Devachi, Tal. Haveli, Dist. Pune",Dismantler,1680,MPCB/RO(HQ)/HSMD/Autho,2019-02-22,2024-01-31,LAPSED_IN_LIST,Pune,scrapcomputer11@gmail.co,9326262223
29,"J Choudhary & Company Sr. No. 67/3, Pipewal Lane Mohammadiya Estate, Pimpri Old Mumbai Pune Road, Pimpri, Thane 400612",Dismantler,500,MPCB/RO(HQ)/HSMD/Autho,2019-02-22,2024-01-31,LAPSED_IN_LIST,,jchoudharyandco@gmail.com,9869063886
30,"Kalawishwa Electrical, B-47 (Sub letting), MIDC Waluj, Dist. Aurangabad 431136",Dismantler,300,MPCB/RO(HQ)/HSMD/Autho,2019-02-25,2024-01-31,LAPSED_IN_LIST,Aurangabad,sandeepgore11@yahoo.com,9225321499
31,"Royal Scrap Traders, Gut No. 23, Plot No. 8, Mayurnagar, Naregaon, Dist. Aurangabad",Dismantler,230,MPCB/RO(HQ)/HSMD/Autho,2019-02-27,2024-01-31,LAPSED_IN_LIST,Aurangabad,omdhoot@gmail.com,7028021132
32,"E-Refine Corporation Gut No. 24, Plot No. 2, Dargah Road, Additional Daultabad, Tal. & Dist. Aurangabad",Dismantler,260,MPCB/RO(HQ)/HSMD/Autho,2019-02-27,2024-01-31,LAPSED_IN_LIST,Aurangabad,tapoffice15@gmail.com,9823998866
33,"Maharashtra Enterprises, Plot No. 17, Rangara Industrial estate, Kiravali (Adivali), Old Thane Pune Road, Tal. Panvel, Dist. Raigad",Dismantler,500,MPCB/RO(HQ)/HSMD/Autho,2019-03-19,2024-03-31,LAPSED_IN_LIST,Raigad,mahaenter22@gmail.com,9892884231
34,"Sigma Enterprises, Plot No. 5 & Gut No. 54/0, Adiwali, Tal. Panvel, Raigad",Dismantler,350,MPCB/RO(HQ)/HSMD/Autho,2018-04-10,2023-03-31,LAPSED_IN_LIST,,,9821751038
35,"Saani Enterprises, Gut No. 64, Plot No. 65, Mahal Pimpri, Dist. Aurangabad",Dismantler,1200,MPCB/RO(HQ)/HSMD/Autho,2019-07-29,2024-04-30,LAPSED_IN_LIST,Aurangabad,shaikhjawed555@gmail.com,9373301060
36,"Baban Plastic, Gut No. 1, At. Sajapur, Tal. & Dist. Aurangabad 401136",Dismantler,500,MPCB/RO(HQ)/HSMD/Autho,2019-04-30,2024-04-30,LAPSED_IN_LIST,Aurangabad,acc.babanplastic@gmail.com,9923299786
37,"Sultan Disposal Stores, S. No. 28/2A/B, Undri, Opp. R Point, Pune Saswad Road, Tal. Haveli, Dist. Pune 411028",Dismantler,600,MPCB/RO(HQ)/HSMD/Autho,2019-05-24,2024-04-30,LAPSED_IN_LIST,Pune,,9822082794
38,"Indian Scrap Traders Survey No. 11, Hissa No. 3/A, Ghusia Market, Gala no: 661, Vill: Pimpari, Post Dahisar,Dist: Thane",Dismantler,200,MPCB/RO(HQ)/HWMD/auth,2019-06-10,2024-05-31,LAPSED_IN_LIST,Thane,indianscrapt@gmail.com,
39,"Bombay Recyclers Pvt. Ltd. Gala No. P-17-18, S. No. 121/2, Balaji Industrial Park, Behind Hindalco Co. MIDC Taloja, Panvel, Dist. Raigad",Recycler,200,MPCB/RO(HQ)/HSMD/Autho,2019-07-29,2024-06-30,LAPSED_IN_LIST,Raigad,bombayrecyclers@gmail.co,9821174239
40,"Hari Om Scrap Traders 957/43, K.P. 2nd Lane, S. P. Road, Opp. Om Namahshivaya Bldg. Mumbai Central, Mumbai",Dismantler,49,MPCB/RO(HQ)/HSMD/Autho,2019-07-29,2024-06-30,LAPSED_IN_LIST,,hariomscrap@gmail.com,9820135742
41,"Go Green Recycling Unit No. 75/66, Hasti Industrial Estate, TTC Industrial Area, Mahape, Navi Mumbai",Dismantler,150,MPCB/RO(HQ)/HSMD/Autho,2019-07-29,2024-06-30,LAPSED_IN_LIST,,,9892859959
42,"New India Scrap Traders, Plot No. 31/E, Ashok Nagar, Dist. Aurangabad",Dismantler,150,MPCB/RO(HQ)/HSMD/Autho,2019-08-01,2024-06-30,LAPSED_IN_LIST,Aurangabad,newindia95@gmail.com,9545950000
43,"Navkar Recycling Sr. No. 69, Hissa No. 15, Mahamadiya Estate, Mumbai Panvel Road, Post. Dahisar, Dist.Thane",Dismantler,1000,MPCB/RO(HQ)/HSMD/Autho,2019-11-18,2024-11-30,LAPSED_IN_LIST,Thane,recycling.navkar@gmail.co,9987470404
44,"Harshita Green Recyclers, Gat No. 452, Urse Talegaon Dhabade, Tal. Maval, Dist. Pune",Recycler,500,MPCB/RO(HQ)/HSMD/Autho,2019-11-18,2024-11-30,LAPSED_IN_LIST,Pune,,9850205186
45,"Vora Computers Pvt. Ltd. 1B, Lara Apartments, Sadhu Vaswani Chowk, Hotel Woodland Lane, 1/D/3, Tal. & Dist.Pune",Dismantler,50,MPCB/RO(HQ)/HSMD/Autho,2019-11-19,2024-11-30,LAPSED_IN_LIST,Pune,,9823582374
46,"Clean Tech B/8, Gala No. 3, Parasnath Indl Estate, Anjurphata Road, Village Val, Tal: Bhiwandi Dist: Thane",Dismantler,360,MPCB/RO(HQ)/HSMD/Autho,2019-11-19,2024-04-30,LAPSED_IN_LIST,Thane,aashoksing@gmail.com,9892602502
47,"Green IT Recycling Centre Pvt. Ltd. Gat No. 207, Plot No. 3 & 4, Near Scienunero Company, Near PMT Depot, Shindewadi, Tal. Bhor, Dist. Pune",Dismantler,1000,MPCB/RO(HQ)/HSMD/autho/,2020-02-18,2025-01-31,LAPSED_IN_LIST,Pune,rth_raj@hotmail.com,9822356062
48,"Avis Technoways Plot No. A-58, MIDC Osmanabad, Dist. Osmanabad",Dismantler,500,MPCB/RO(HQ)/HSMD/autho/,2020-02-18,2025-01-31,LAPSED_IN_LIST,Osmanabad,avis.tech@rediffmail.com,9420737679
49,"Bhavesh Enterprises, Sr. No. 225/11, Hissa No. 23, Gausiya Compound, Gate No. 1, Vill. Pimpri, Tal. & Dist. Thane",Dismantler,200,MPCB/RO(HQ)/HSMD/autho/,2020-02-14,2025-01-31,LAPSED_IN_LIST,Thane,thoufise.11@gmail.com,9987263156
50,"Om Recycling 19/2,Mangalwa Peth,19/2 mangalwarpethpune., Peth, Dist. Pune",Dismantler,100,MPCB/RO(HQ)/HSMD/autho/,2020-02-25,2025-01-31,LAPSED_IN_LIST,Pune,omrecycling@gmail.com,9850205186
51,"Wonder Print Technologies Plot No. M-36, MIDC Ambad, Dist. Nashik",Dismantler,300,MPCB/RO(HQ)/HSMD/autho/,2020-02-25,2025-01-31,LAPSED_IN_LIST,Nashik,sakaria@wonderprint.in,9373522555
52,"Process Recycling Gala No,2, S. No 302, Richard Compound Near Maharashtra Vajan Kata, Umang pharma road vasaiphata, Dist. Palghar",Dismantler,125,MPCB/RO(HQ)/HSMD/autho/,2020-03-06,2025-02-28,LAPSED_IN_LIST,Palghar,san.karande1@gmail.com,7757967675
53,"New Shivam Enteprises, Gala No. 326, At. Post. Khandale, Near Suruchi Dairy, Dist. Pune",Dismantler,4800,MPCB/RO(HQ)/HSMD/autho/,2020-03-18,2025-02-28,LAPSED_IN_LIST,Pune,csashishbhadade@gmail.com,7066904939
54,"Mahesh Traders Plot No. 316, Shree Shahu Market Yard, Tal. Karveer, Dist. Kolhapur",Dismantler,107,MPCB/RO(HQ)/HSMD/autho/,2020-03-19,2025-02-28,LAPSED_IN_LIST,Kolhapur,maheshchetiwal11@gmail.co,9823901011
55,"Manihar Enterprises, Survey No. 74, Village Goteghar, Tal. Thane, Dist. Thane",Dismantler,1000,MPCB/RO(HQ)/HSMD/autho/,2019-11-30,2024-10-31,LAPSED_IN_LIST,Thane,shamimmanihar7@gmail.co,9326135646
56,"Asquare Industrial Solutions Gala No. 3, Plot No. 35, Mulgaon, MIDC Khopoli, Tal. Khopoli, Dist. Raigad",Dismantler,300,MPCB/RO(HQ)/HSMD/autho/,2020-07-21,2025-06-30,LAPSED_IN_LIST,Raigad,asquare1516@gmail.com,9860034557
57,"Map Trading Company Gat No. 670, Villoli, Tal. & Dist. Nashik 422010",Dismantler,500,MPCB/RO(HQ)/HSMD/autho/,2020-07-28,2025-06-30,LAPSED_IN_LIST,Nashik,abhi26mish@gmail.com,9028155357
58,"Environment Experts, Gala No. 11, Lane, J. K. Compound, Opp. Roshan Comp. Kherani Road, Sakinaka, Mumbai",Dismantler,350,MPCB/RO(HQ)/HSMD/autho/,2020-07-28,2025-06-30,LAPSED_IN_LIST,,abhi26mish@gmail.com,
59,"Green Enviro Services, 118/1, Wasali, Tal. Khed, Dist. Pune",Dismantler,700,MPCB/RO(HQ)/HSMD/autho/,2020-07-28,2025-06-30,LAPSED_IN_LIST,Pune,greenenviropune@gmail.co,9604991177
60,"Bsqaure E-Waste Recyclers, Gala No. 800, Survey No. 69/3, Siddhivinayak Market, MohammadiaEstate, Pimpri, Thane, Dist: Thane, Maharashtra.",Recycler,325,MPCB/RO(HQ)/HSMD/autho/,2020-09-08,2025-08-31,LAPSED_IN_LIST,Thane,bdwadde501@gmail.com,9920440149
61,"SK E-Waste Disposal, Gat No. 116, Fine Weight Bridge, Jadhavwadi, Chikhali, Tal: Haveli, Dist: Pune.",Dismantler,250,MPCB/RO(HQ)/HSMD/autho/,2020-11-11,2025-10-31,LAPSED_IN_LIST,Pune,shadiqkhan50@gmail.com,9766696298
62,"Mahalaxmi E- Recyclers Pvt. Ltd.PlotNo.77 & 78, Subplot No. 3A, Ramtekdi Industrial Area, Hadapsar, Tal. Haveli, Dist. Pune",Recycler,525,MPCB/RO(HQ)/HSMD/autho/,2020-11-11,2025-10-31,LAPSED_IN_LIST,Pune,mpmehta_2000@yahoo.com,7276411826
63,"Kapila Enterprises, Gat No. 46/3, At. Post. Supa, Tal. Parner, Dist: Ahmednagar",Dismantler,250,MPCB/RO(HQ)/HSMD/autho/,2020-11-11,2025-10-31,LAPSED_IN_LIST,Ahmednagar,,9762803306
64,"Aqsa Stamping, Plot no. 55, Rangara Industrial Estate, 33/35, Kiravali (Adivali),Tal. Panvel, Dist. Raigad.",Dismantler,300,MPCB/RO(HQ)/HSMD/autho/,2020-11-11,2025-05-31,LAPSED_IN_LIST,Raigad,aqsastamping@rocketmail.co,9820026815
65,"CPG Shell Mould & Casting, Plot No. W-39, Additional MIDC, Satara",Dismantler,1000,MPCB/RO(HQ)/HSMD/autho/,2020-12-02,2025-10-31,LAPSED_IN_LIST,,cpgshell@gmail.com,9822777706
66,"Rolex Entrprises, Survey No. 218, HissaNo. 4/1, Dahisar, Navi Mumbai",Dismantler,500,MPCB/RO(HQ)/HSMD/autho/,2020-12-28,2024-05-31,LAPSED_IN_LIST,,rolex2030@gmail.com,9820072030
67,"Eco Tech Recycling, C/6, (5), Sagar Industrial Estate, S. No. 46/4, Dhumal Nagar, Vasai (E), Tal: Vasai, Dist: Palghar.",Dismantler,450,MPCB/RO(HQ)/HSMD/autho/,2021-01-05,2025-12-31,LAPSED_IN_LIST,Palghar,saiprasad.anavkar@gmail.co,9664998192
68,"R T Corporation, S.No.377, H.No.2, AmbisiGaneshpuri Road,",Dismantler,3000,MPCB/RO(HQ)/HSMD/autho/,2021-01-08,2025-12-31,LAPSED_IN_LIST,Palghar,rtc.iqbal@gmail.com,9324525208
69,"Ecostar Recycling, Survey No.94 Hissa No.12 Mahadev Industrial, Near Ladi Company, Mumbra, Dist: Thane-400612.",Dismantler,275,MPCB/RO(HQ)/HSMD/autho/,2021-01-08,2025-12-31,LAPSED_IN_LIST,Thane,recyclingecostar@gmail.com,9969425168
70,"Bombay Metal Works, Sr. 54, Hissa No. 4, Dahisar Road, Pimpri, Tal & Dist: Thane",Dismantler,1000,MPCB/RO(HQ)/HSMD/autho/,2021-02-23,2026-01-31,LAPSED_IN_LIST,Thane,bombay.mw@gmail.com,9820047496
71,"Ancus India Reprocessing Pvt. Ltd., shop No. 2, Bldg. No. 1, Tiwari Estate, Village Dhaniv, Nalasopara€, Vasai",Dismantler,450,MPCB/RO(HQ)/HSMD/autho/,2021-03-16,2026-02-28,LAPSED_IN_LIST,,ancusindia@gmail.com,9594285656
72,Progressive,Recycler,295,MPCB/RO(HQ)/HSMD/autho/,2021-03-31,2026-02-28,LAPSED_IN_LIST,,progressiverecycler@gmail.c,9601262269
73,"Envirocare Recycling Pvt. Ltd. Unit no: 8/ C-I Actual Industrial Complex, Uchat, Road, Village Magathane, Tal. Wada Dist. Thane",Dismantler,500,MPCB/RO(HQ)/HSMD/autho/,2021-05-12,2026-03-30,LAPSED_IN_LIST,Thane,info@envirocareindia.co.in,9820094450
74,"Green Planet Recycling Solutions, Sr. No. 72/1/A, At Bhandarli, Dahisar Mori, Old Mumbra Panvel Road, Tal. & Dist. Thane",Dismantler,550,MPCB/RO(HQ)/HSMD/autho/,2021-05-12,2026-04-30,LAPSED_IN_LIST,Thane,info@greenrecycle.in,7666562225
75,"A. S. Enterprises, Shop No. 4 Shankar Temple, Jasmine Bldg. Pestam Sagar Road No. 4, Chembur,Mumbai Suburban - 400089",Dismantler,500,MPCB/RO(HQ)/HSMD/autho/,2021-05-12,2024-04-30,LAPSED_IN_LIST,,as.enterprises9090@gmail.co,
76,"Rcube Recycling Pvt Ltd. Shree Ganesh Indl Estate,Vasai, Palghat,Khairpada,Palghar - 401330",Dismantler,230,MPCB/RO(HQ)/HSMD/autho/,2021-06-18,2026-05-31,LAPSED_IN_LIST,,info@rcuberecycling.com,8369684193
77,"Alfa Trading Co. KOLHAPUR ESTATE, YADAV NAGAR, KHERANI ROAD, SAKINAKA, Andheri, Mumbai Suburban - 400072",Dismantler,80,MPCB/RO(HQ)/HSMD/autho/,2021-06-23,2026-05-31,LAPSED_IN_LIST,,alfatradingcomp@gmail.com,9967665574
78,"Universal Waste Management Gala No. B-10, D. P. K. Compound, Khairani Road, Sakinaka, Mumbai – 400072 - 400072",Dismantler,310,MPCB/RO(HQ)/HSMD/autho/,2021-06-28,2026-05-31,LAPSED_IN_LIST,,snadeemalvi@gmail.com,8692005752
79,"Sadab Traders Plot No. 1154, Gat No. 140/2A/1, Village Vilholi, Behind Jain Temple, Tal & Dist. Nashik - 422010",Dismantler,300,MPCB/RO(HQ)/HSMD/autho/,2021-06-25,2026-05-31,LAPSED_IN_LIST,Nashik,sadabtra.nsk@gmail.com,9372670601
80,"GNG Electronics Pvt. Ltd. Sr. No. 54, Hissa No. Dahisar Rd, Pimpri, Tal. & Dist. - Thane",Dismantler,750,MPCB/RO(HQ)/HSMD/autho/,2021-06-28,2023-07-31,LAPSED_IN_LIST,Thane,,7667568801
81,"ARSH RECYCLING PRIVATE LIMITED GAT No. 1750, RANJANGAON GANPATI, PUNE NAGAR ROAD, Ranjangaon Ganpati, Pune - 412209",Dismantler,2400,MPCB/RO(HQ)/HSMD/autho/,2021-06-29,2026-05-31,LAPSED_IN_LIST,,arshrecycling4@gmail.com,7040691499
82,"Masstech Recycling LLP Gala no 56, 58, 59 & 82, M.J.K. Compound, Kherani Road, Sakinaka, Mumbai - 400072 - 400072",Dismantler,400,MPCB/RO(HQ)/HSMD/autho/,2021-08-11,2026-07-31,LAPSED_IN_LIST,,bharatscrap07@gmail.com,9821430755
83,"SAHARA ENTERPRISES GAT N0 65 DEHU ALANDI ROAD, CHIKHALI, TAL.HAVELI DIST.PUNE - 411062",Dismantler,160,MPCB/RO(HQ)/HSMD/autho/,2021-08-24,2021-08-24,LAPSED_IN_LIST,,irfan2068@gmail.com,9821761541
84,"Green IT Recycling Center Pvt Ltd Plot No. D-222, MIDC Ranjangaon, Dist.- Pune - 412209",Dismantler,365,MPCB/RO(HQ)/HSMD/autho/,2021-09-01,2024-01-31,LAPSED_IN_LIST,Pune,rth_raj@hotmail.com,9822356062
85,"Anand Computer System 2160 B, Sadashiv Peth, Swamipuram Bldg, Shop No. 7,8,9, Pune - 411030",Dismantler,350,MPCB/RO(HQ)/HSMD/autho/,2021-10-22,2026-06-30,LAPSED_IN_LIST,,,9371015373
86,"Bharat E Waste Recycling Co. Sr. No. 189, Vill. Waliv, Vasai-Virar City (M Corp), Palghar - 401208.",Dismantler,500,MPCB/RO(HQ)/HSMD/autho/,2021-10-22,2026-09-30,VALID,,info@bharatewaste.com,9224757187
87,"E-Waste Mart Survey No.94,Gala No.6,Umar Compound, Jahar Pada,Nalasopara, Vasai-Virar City (M Corp), District - Palghar - 401208.",Dismantler,500,MPCB/RO(HQ)/HSMD/autho/,2021-10-25,2026-09-30,VALID,rict,info@ewastemart.com,8655113333
88,"Chaudhary Metal 80/2, Village -Waliwali Dahisar, Mori, Mumbra Panvel Road, Group Grampanchayat, Dist. Thane - 400612",Dismantler,350,MPCB/RO(HQ)/HSMD/autho/,2021-10-27,2026-09-30,VALID,Thane,chaudharymatel123@gmail.c,9167924507
89,"GREEN INDIA E-WASTE & RECYCLING OPC PVT. LTD. SURVEY NO. 74, HISSA NO. 1/A, House No. 500, POST- DAHISAR, District - Thane.",Dismantler,390,MPCB/RO(HQ)/HSMD/autho/,2021-10-27,2026-09-30,VALID,rict,info@gier.co.in,8080414447
90,"E Clean E Green Recycling Umar Compound, Jabar Pada, Nalasopara, Vasai-Virar City (M Corp), Dist. Palghar 401208.",Dismantler,500,MPCB/RO(HQ)/HSMD/autho/,2021-10-29,2026-09-30,VALID,Palghar,,9920977276
91,"Earth Sense Recycle Pvt. Ltd. A7, Gala No.1,2 & 3, Ground Floor, Prerana Complex, Val Village, Dapoda Road, Anjurphatta, Bhiwandi, District-Thane.",Dismantler,750,MPCB/RO(HQ)/HSMD/autho/,2021-11-03,2023-09-30,LAPSED_IN_LIST,rict,ewastemumbai@earthsense.i,7738389404
92,"Regreen Recycling Flt 205, Pocket 5, Ganeshwadi CHS Ltd, Bldg. 5, Bhimnagar, MIDC Andheri (E), Mumbai Suburban - 400093",Dismantler,120,MPCB/RO(HQ)/HSMD/autho/,2021-11-01,2026-10-31,VALID,,info@regreenrecycling.com,9819787816
93,"Solapur Econ Recyfine Plot No. K-47 MIDC Chincholi, Tal. Mohol Chincholikati, Solapur – 413255",Dismantler,750,MPCB/RO(HQ)/HSMD/autho/,2021-12-24,2025-07-31,LAPSED_IN_LIST,,,9763034875
94,"Greenscape Eco Management Private Limited MIDC Chakan Industrial Area (Ph-II), Pune - 410501",Dismantler,900,MPCB/RO(HQ)/HSMD/autho/,2021-12-24,2026-12-31,VALID,,rupesh@greenscape-eco.com,7558426313
95,"Krishna Metal Refinery Plot No.1-2/143, Sapronde Village, Taluka - Wada, District- Thane - 400086",Dismantler,750,MPCB/RO(HQ)/HSMD/autho/,2021-12-24,2025-07-06,LAPSED_IN_LIST,rict,krishnarefinery@gmail.com,9323901533
96,"Suritex Pvt.Ltd. Plot No. B-111, MIDC Industrial Area, Butibori, District - Nagpur.",Dismantler,360,MPCB/RO(HQ)/HSMD/autho/,2021-12-28,2026-02-28,LAPSED_IN_LIST,rict,info@suritex.co.in,9049981347
97,"Kuldeep E-Waste Disposals, Sr. No. 50, Waghjainagar, Mabegaon Khurd, Katraj- Ambegaon Road, Katraj, Pune - 411046",Dismantler,90,MPCB/RO(HQ)/HSMD/autho/,2022-02-16,2026-09-30,VALID,,sagarscrap@gmail.com,9850289885
98,"Connect Info Solutions India Private Limited c/o: A-one Logistics Shop No 4, Saibaba Apartment, Plot No 12, Sector 9, Near Corporation",Dismantler,130,MPCB/RO(HQ)/HSMD/autho/,2022-02-17,2027-01-31,VALID,,jayant@connectinfosol.com,9820297108
99,"Mac Fix Station Office No. 201, Makhija Arcade, 35thRoad, Khar Bandra Linking Road, Bandra, Mumbai Suburban - 400052",Dismantler,800,MPCB/RO(HQ)/HSMD/autho/,2022-02-17,2027-02-28,VALID,,skasim11@gmail.com,8879765306
100,"Manish Metal Gat No 925, Near Ashtekar Bangla, A/P- Theur, Dist- Pune - 412110",Dismantler,550,MPCB/RO(HQ)/HSMD/autho/,2022-02-18,2027-02-28,VALID,Pune,manish.metal5050@gmail.co,9850059804
101,"S.K. Enterprises Plot No: 134 Paiki Sub Plot No.- 1, Ahmednagar Industrial Estate Co-Op. Society Ltd, Nagpur-Pune Road, Ta & Dist - Ahmedanagar-414005.",Dismantler,5000,MPCB/RO(HQ)/HSMD/autho/,2022-02-22,2024-04-30,LAPSED_IN_LIST,Ahmedanagar,skeprocessorsindia@yahoo.c,9422232332
102,"BKE RECYCLING Adsul Mala, Shivram Nagar,Uruli Devachi, Uruli Devachi,Pune - 412308",Dismantler,300,MPCB/RO(HQ)/HSMD/autho/,2022-02-25,2025-02-28,LAPSED_IN_LIST,,,9764279786
103,Nagraj E-Waste Recycling S.No.41 Vill Asoli Mouza Mahalgaon Tah Kamptee Dist Nagpur - 441202,Dismantler,1800,MPCB/RO(HQ)/HSMD/autho/,2022-03-03,2027-02-28,VALID,Nagpur,nagrajewaste@gmail.com,9595105301
104,"Green Valley E Waste Management Pvt Ltd Gut No. 525/10, Village- Ghonsai, Saza-Met, Tal. Wada, Ghonsai, Palghar - 421312",Dismantler,596,MPCB/RO(HQ)/HSMD/autho/,2022-03-03,2025-01-31,LAPSED_IN_LIST,,,9821021395
105,"New Ecotech Recycling Survey no. 136, Hissa no. 364, At Post -Khaniwade, Taluka - Vasai, District. Palghar- 401305.",Dismantler,300,MPCB/RO(HQ)/HSMD/autho/,2022-03-03,2027-01-31,VALID,rict,,9096088943
106,"R.K.E-Recycling International LLPGala no.-2, Tirupati Industrial Park, Sativali Road, Vasai East- 401208",Dismantler,130,MPCB/RO(HQ)/HSMD/autho/,2022-03-03,2026-06-30,LAPSED_IN_LIST,,,9004211892
107,"CBS E-Waste Recycling Industries G.No. 18/63/2, At. Khanapur, Tal. Akole, Dist. Ahmednagar",Dismantler,2500,MPCB/RO(HQ)/HSMD/autho/,2022-03-31,2027-02-28,VALID,Ahmednagar,,8275451169
108,"J.S.Enterprises Gat No-132, Khalumbre, Chakan - 410501",Dismantler,650,MPCB/RO(HQ)/HSMD/autho/,2022-03-30,2027-01-31,VALID,,jsenterprises21@gmail.com,9921280827
109,Scape E,Recycler,235,MPCB/RO(HQ)/HSMD/autho/,2022-04-08,2027-03-31,VALID,Parbhani,,9970062892
110,"NICHOLAS RECYCLING PRIVATE LIMITED Nicholas Compound, Sativali Road, Valiv.",Dismantler,500,MPCB/RO(HQ)/HSMD/autho/,2022-04-12,2026-06-30,LAPSED_IN_LIST,,info@ewasterecycling.co.in,9821010148
111,"K. G. N. Traders Survey No. 11, Hissa No. 30, Gausiya Market, Village- Pimpri, Post-Dahisar, Dist. Thane - 400612",Dismantler,900,MPCB/RO(HQ)/HSMD/autho/,2022-04-12,2027-03-31,VALID,Thane,haider.rbt@gmail.com,9820484202
112,"THE2BROS 70 AS KURLA ANDHERI ROAD, OPP JARIMARI TEMPLE, Chandivali, Mumbai Suburban - 400072",Dismantler,275,MPCB/RO(HQ)/HSMD/autho/,2022-04-22,2027-03-31,VALID,,Trade.The2bros@gmail.com,8657771236
113,"Right E-waste Recycle, S. No. 40/2/C, 40/3, Nashik Highway, Kalyan Sape Road, Tal. Bhiwandi. Dist. Thane",Dismantler,400,MPCB/RO(HQ)/HSMD/Autho,2022-06-09,2027-05-31,VALID,Thane,,7738389606
114,"EMS Scrapo, S. No. 199, Hissa No. 3, Bharat Market, Khan Compound, Shil-Mahape Road, Shil, Tal. & Dist. Thane",Dismantler,90,MPCB/RO(HQ)/HSMD/autho/,2022-06-10,2027-05-31,VALID,Thane,Emsscrapo@gmail.com,8793606855
115,"Mayra Corporation, Plot No. C-157, MIDC Malegaon, Tal. Sinnar, Dist. Nashik",Dismantler,30,MPCB/RO(HQ)/HSMD/Autho,2022-06-15,2027-05-31,VALID,Nashik,navnathsarwar@gmail.com,9922142660
116,"Perfect E-Waste Recyclers, Plot No. A-8/1, MIDC Chikhalthana, Tal. & Dist. Aurangabad",Recycler,184,MPCB/RO(HQ)/HSMD/Autho,2022-06-14,2027-05-31,VALID,Aurangabad,perfectrecycler@gmail.com,9881381700
117,"Sahara Traders, Gala No. 1, Ground Floor, Kalyan Road,Temghar, Tal. Bhiwandi, Dist. Thane",Dismantler,700,MPCB/RO(HQ)/HSMD/Autho,2022-07-04,2027-05-31,VALID,Thane,aashiyana10000@gmail.com,9284080819
118,"Trekomac Refurbs Pvt. Ltd. Plot No, G-3, Five Star MIDC Kagal Hatkanangale, Tal. Kagal, Dist. Kolhapur",Dismantler,400,MPCB/RO(HQ)/HSMD/Autho,2022-07-04,2027-05-31,VALID,Kolhapur,refurbs.trekomac@gmail.co,8652658017
119,"Unity Enterprises, Gut No. 1745. Ranjangaon Ganpati, Tal. Shirur, Dist. Pune",Dismantler,1200,MPCB/RO(HQ)/HSMD/Autho,2022-09-08,2027-08-31,VALID,Pune,unityenterprises.ue@gmail.c,9762306473
120,"Shabbir Traders Plot No. P/15 & 16, Sr. No. 119/120/121, Balaji Industrial Park, Behind Hindalco, Vill. Tondre, Tal. Panvel, Dist. Raigad",Dismantler,300,MPCB/RO(HQ)/HSMD/autho/,2022-09-08,2027-07-31,VALID,Raigad,khanbashir5@gmail.com,9987737861
121,"Recycling Future, S. No. 169, Bhangarpada, Post Kundevahil, Tal. Panvel. Dist. Raigad",Dismantler,500,MPCB/RO(HQ)/HSMD/Autho,2022-09-08,2027-04-30,VALID,Raigad,katekar.aniket@gmail.com,9892027022
122,"Star Envo Recycling (I) Private Limited, Gala No 3, Survey No. 11, Hissa No. 1/1, Choudhary Compound, Wakanpada, Pelhar, Waliv, Vasai (E), Tal. Vasai, Dist. Palghar",Dismantler,250,MPCB/RO(HQ)/HSMD/Autho,2022-09-19,2027-08-31,VALID,Palghar,envorecycling@gmail.com,8097910947
123,"Shifa Traders, Gut No. 63, Dehu Moshi Road, Kudalwadi, Chikhali, Tal. Mulshi, Dist. Pune",Dismantler,300,MPCB/RO(HQ)/HSMD/Autho,2022-09-19,2027-08-31,VALID,Pune,shifatreaders92@gmail.com,9823724192
124,"S. N. Brothers, S. No. 305, Dongaripada, Near Classic Company, Vasai-Virar (M. Corp.), Dist Palghar",Dismantler,180,MPCB/RO(HQ)/HSMD/Autho,2022-09-19,2027-08-31,VALID,Palghar,snbrothers74@gmail.com,9820980389
125,"YASIN SCRAP Gat No. 546, Shed No. 1, Jadhav Vasti, Village Wagholi, Tal: Haveli, Pune",Dismantler,200,MPCB/RO(HQ)/HSMD/Autho,2022-09-21,2027-08-31,VALID,,,8805996742
126,"Reteck Envirotech Pvt. Ltd. Plot No. 4 A, MIDC Taloja, Tal. Panvel, Dist. Raigad",Dismantler,2500,MPCB/RO(HQ)/HSMD/Autho,2022-09-21,2027-06-30,VALID,Raigad,amol.varhadi@reteck.in,9892334045
127,"Vatsala Enterprises, Gut. No. 183-6, Village Rajapur, Tal. Sangamner, Dist. Ahmednagar",Dismantler,280,MPCB/RO(HQ)/HSMD/Autho,2022-09-21,2027-08-31,VALID,Ahmednagar,sagarkakad2021@gmail.com,9822346339
128,"S K Enterprises, S. No. 77, Hissa No. 1, Hindustan Market, Dieghar, Tal. Shil, Dist. Thane",Dismantler,300,MPCB/RO(HQ)/HSMD/Autho,2022-09-21,2027-08-31,VALID,Thane,skenterprises5798@gmail.co,8433865798
129,"OM R V Interiors, S. N. 92, Hissa No. 3, At Pelhar, Tal. Vasai, Dist Palghar",Dismantler,250,MPCB/RO(HQ)/HSMD/Autho,2022-09-21,2027-08-31,VALID,Palghar,info@omrvinteriors.com,9869587333
130,"Mauli Metals, Gut No. 222, At Kadachi Wadi, Post Chakan, Tal. Khed, Dist. Pune",Dismantler,360,MPCB/RO(HQ)/HSMD/Autho,2022-09-21,2027-08-31,VALID,Pune,,9860296504
131,"Grade Infratech Pvt. Ltd., Gut No. 849, Near Mahindra CIE, Ambethan Chakan, Village Chakan, Tal. Khed, Dist. Pune",Dismantler,300,MPCB/RO(HQ)/HSMD/Autho,2022-10-07,2027-08-31,VALID,Pune,avanishsingh777@yahoo.co,9326135646
132,"General Technologies India Pvt Ltd, Plot No. MBP-2, Building No.A-1, Office No. 1213, 12th Floor, Rupa Solitaire Building, TTC Industrial Area, Mahape, Dist. Thane",Dismantler,100,MPCB/RO(HQ)/HSMD/autho/,2022-10-12,2027-09-30,VALID,Thane,,9833382276
133,"National Trading Corporation, S. No. 56/1, Plot No. 18 & 19, Old Mumbai-Panvel Road, Village Pimpri, Tal. & Dist. Thane",Dismantler,140,MPCB/RO(HQ)/HSMD/Autho,2022-10-11,2027-09-30,VALID,Thane,ntcorp@live.com,9892416216
134,"Spas Computers Pvt. Ltd. 7 & 12, Hema Industrial Estate, Premises, Cos Ltd. Sarvodaya Nagar, Rajmata Jijai Road, Jogeshwari E",Dismantler,500,MPCB/RO(HQ)/HSMD/autho/,2022-10-11,2027-07-31,VALID,,spascomputers@gmail.com,8898899899
135,"Noble Trading Company, S. No. 11, Hissa No. 23, Gausiya Market, Village Pimpari, Old M. P. Road, Tal. & Dist. Thane",Dismantler,265,MPCB/RO(HQ)/HSMD/Autho,2022-11-14,2027-10-31,VALID,Thane,habimht@gmail.com,9869146970
136,"Sayma E-Waste Solutions, S. No. 323, Hissa no. 3, A Plot No. B-27, Urali Devashi, Tal. Haveli, Pune",Dismantler,335,MPCB/RO(HQ)/HSMD/Autho,2022-11-16,2027-09-30,VALID,,,9922763959
137,"Pakeeza Traders, Plot No. 406, 407, 408, At. Soyapur, Tal. & Dist. Aurangabad",Dismantler,720,MPCB/RO(HQ)/HSMD/Autho,2022-11-18,2027-07-31,VALID,Aurangabad,,9870006296
138,"D Trading Company Gat No- 880, Opp Noble Weigh Bridge, Kudalwadi, Chikhali,Tal-",Dismantler,451,MPCB/RO(HQ)/HSMD/Autho,2023-01-04,2023-12-31,LAPSED_IN_LIST,Pune,dtradingcompany155@gmail.com,9970865338
139,"Rajhans Ferrous Scrap Trade Private Limited (Unit II), Gut No. 878, Kudalwadi, Pimpri Chinchwad, Haveli, district - Pune.",Dismantler,500,MPCB/RO(HQ)/HSMD/Autho,2023-01-04,2027-12-31,VALID,,,9618785285
140,"CLEAN PLANET LLP GAT NO. 2241, 42, 43, Ramling ware house, Shel- Pimpalgaon (Mohitewadi), Chakan Shikrapur Road, Pune",Dismantler,2700,MPCB/RO(HQ)/HSMD/Autho,2023-01-04,2027-12-31,VALID,,sawantrohan18@gmail.com,9969664655
141,"JUPITER ENTERPRISES Gala No 08 and 09 Gilbert Compound, Kherani Road Durga Mandir Lane, Kairani Road, Sakinaka Mumbai",Dismantler,150,MPCB/RO(HQ)/HSMD/Autho,2023-01-04,2027-12-31,VALID,,,9028556744
142,"BIYANI POLYMERS M 75 MIDC AREA JALGAON, DISTRICT - JALGAON.",Dismantler,350,MPCB/RO(HQ)/HSMD/Autho,2023-01-04,2027-12-31,VALID,,,9823020288
143,"ALFA TRADING COMPANY S. No. 69, Hissa No. 8, House No. 531, Village Pimpri, Dahisar, Tal & Dist. Thane",Dismantler,600,MPCB/RO(HQ)/HSMD/Autho,2023-01-04,2027-12-31,VALID,Thane,alfatradingcomp@gmail.com,
144,"Lico Materials Pvt Ltd Plot No. D-17 Taloja, MIDC Industrial Area, Village Pendhar, Taluka Panvel District Raigad 410208",Dismantler,1000,MPCB/RO(HQ)/HSMD/Autho,2023-01-04,2027-12-31,VALID,rict,,9869528190
145,"Recycle Mitra Eco Care LLP Plot No. A-368,Floor No.1, Building Name M H Industries, Block Sector, Wagle Industrial Estate, Thane",Dismantler,100,MPCB/RO(HQ)/HSMD/Autho,2023-01-04,2027-12-31,VALID,,info@recyclemitra.com,7506942278
146,"NIZAM ENTERPRISES B-24, Nand Jyot Industrial Premises Co Op Society Ltd, A K Road, Safed Pool, Andheri (E),400072",Dismantler,90,MPCB/RO(HQ)/HSMD/Autho,2023-01-04,2027-12-31,VALID,,safatchoudhary@yahoo.co.in,9823669059
147,"HAQ Processing Pvt. Ltd. Survey No. 200, Gala No. C-6, Datar Industrial Estate, Pelhar Vasai, Tal Vasai, Dist Palghar.",Dismantler,224,MPCB/RO(HQ)/HSMD/Autho,2023-01-05,2027-12-31,VALID,Palghar,,9220203132
148,"Muskmelon Envtech Pvt. Ltd. Godown D-4, D-5, Dev Warehousing, Sai Sstyam Nagar, Nagar Road, Wagholi, Pune",Dismantler,400,MPCB/RO(HQ)/HSMD/Autho,2023-01-04,2027-12-31,VALID,,muskmelon050@gmail.com,7040691499
149,"Green Clean Recycling S No 72, Hissa No 4, Hayat Market, Walivali, Thane",Dismantler,350,MPCB/RO(HQ)/HSMD/Autho,2023-01-04,2027-12-31,VALID,,greencleanrecycler@gmail.c,8837610084
150,S. K. Enterprises Plot No. 134 & 183 Ahmednagar Ind. Co-Op Society Ltd,Dismantler,5000,MPCB/RO(HQ)/HSMD/Autho,2023-03-29,2028-03-31,VALID,,,9822475277
151,"Valji Khimji & Co., A/p- Shirwal, Gut No. 821A, Tal- Khandala, District - Satara.",Dismantler,3600,MPCB/RO(HQ)/HSMD/Autho,2023-03-29,2028-03-31,VALID,rict,,9763243771
152,"Anitha Sri Recycling H No- 410 /3, Khan Campound,GaibiNagar,Bhiwa ndi,Dist Thane.",Dismantler,200,MPCB/RO(HQ)/HSMD/Autho,2022-03-29,2028-03-31,VALID,Thane,anithasrirecycling@gmail.com,9949611212
153,"JRS Recycling Solutions Pvt. Ltd.Gala No. 428, S. No. 74, Hissa No. 2A, Garib Nawaz Estate, Old Mumbai Pune Road, Dahisar, Dist. Thane",Dismantler,300,MPCB/RO(HQ)/HSMD/Autho,2022-06-07,2027-05-31,VALID,Thane,,9004126767
154,"Naved Enterprises, Gut No. 61, P. No..1,2, & 3, Village Sahajapur, Karodi Highway, Aurangabad",Dismantler,150,MPCB/RO(HQ)/HSMD/Autho,2023-03-29,2028-03-31,VALID,,,9075032007
155,"E Cycle & Company, Plot No. 7, Gnyanchand Nagar, Paithan Road, Near Aman Hardware, Chitegaon",Dismantler,140,MPCB/RO(HQ)/HSMD/Autho,2023-03-29,2028-03-31,VALID,,,9763395894
156,"Enterprises Gat No. 63, Dehu Alandi Road, Near Regal Petroleum, Jadhavwadi Chikhali Pune 411062",Dismantler,1000,MPCB/RO(HQ)/HSMD/Autho,2023-03-29,2028-03-31,VALID,,,9850417772
157,"Aman Steel Enterprises Gat No 879,Godown No 2, Near Rajhans Kata, Kudalwadi, Chikhali, Pune 411062",Dismantler,200,MPCB/RO(HQ)/HSMD/Autho,2023-03-29,2028-03-31,VALID,,,9822816329
158,"AVIS Group S. No. 4/5, Vedant Nagari, Karve Nagar, Pune, Tal. Haveli, Dist. Pune 411004",Dismantler,200,MPCB/RO(HQ)/HSMD/Autho,2023-03-29,2028-03-31,VALID,Pune,mohdazim.sheikh03@gmail.com,
159,"Mukesh Metal Sr. No.93, Hissa No.1, Behind Deepesh Lodge, Goteghar, Uttarshiv, Mumbra - Panvel Road, Dist Thane.",Dismantler,400,MPCB/RO(HQ)/HSMD/Autho,2023-03-29,2028-03-31,VALID,Thane,info@mukeshmetal.net,9819893595
160,"Vozon Comsof Pvt Ltd Sr No 19/9 Indira College Road,Buchade Vasti Road,Tal. Mulshi DistPune,Marunji,Pune",Dismantler,500,MPCB/RO(HQ)/HSMD/Autho,2023-03-29,2028-03-31,VALID,Pune,,8600726007
161,"Wave E Waste Recycling Pvt Ltd. Sr. No. 11, Hissa No. 1/1, Chaudhary Compound, Wakam Pada, Dist. Palghar 401208",Dismantler,200,MPCB/RO(HQ)/HSMD/Autho,2023-03-29,2028-03-31,VALID,Palghar,waveewasterecycling@gmail.com,9076607151
